{
    "overall": {
        "mean": 179861.90354913071,
        "median": 74871.94,
        "max": 92445516.64,
        "min": 0.0
    },
    "fraud_transactions": {
        "mean": 1467967.299140387,
        "median": 441423.44,
        "max": 10000000.0,
        "min": 0.0
    }
}